Feature,Mean |SHAP|
Feat_157,1.080074993280694
Feat_331,1.0473849327260627
Feat_035,0.8105231848061544
Feat_073,0.7944458144205739
Feat_116,0.6390814210544344
Feat_146,0.6145418668737402
Feat_215,0.5893961890237406
Feat_135,0.5532090015978557
Feat_065,0.5466809322605317
Feat_349,0.37208927099443956
Feat_096,0.3491877184227104
Feat_166,0.3470286462596392
Feat_225,0.33700684095090266
Feat_371,0.29026052965531113
Feat_083,0.285296095827594
Feat_027,0.2833655092080123
Feat_279,0.2749024089069106
Feat_052,0.266634147938811
Feat_059,0.25499720540245757
Feat_018,0.25462114439465433
