feature,mean_absolute_shap,feature_index
Feature_219,1.9654163,219
Feature_433,1.6288701,433
Feature_79,0.9036434,79
Feature_732,0.71793,732
Feature_110,0.6976653,110
Feature_812,0.48714817,812
Feature_1152,0.29892823,1152
Feature_790,0.28915477,790
Feature_1054,0.2812771,1054
Feature_857,0.22364324,857
Feature_478,0.22069433,478
Feature_631,0.16027224,631
Feature_648,0.14318866,648
Feature_1008,0.14169633,1008
Feature_74,0.10978116,74
Feature_292,0.09435407,292
Feature_58,0.0917275,58
Feature_1279,0.07722729,1279
Feature_164,0.059716452,164
Feature_439,0.05937117,439
Feature_215,0.055051662,215
Feature_312,0.054078687,312
Feature_536,0.05335909,536
Feature_1022,0.043508515,1022
Feature_574,0.04173596,574
Feature_160,0.039047554,160
Feature_839,0.034239024,839
Feature_791,0.032229587,791
Feature_436,0.026129266,436
Feature_676,0.026059791,676
Feature_1065,0.026026562,1065
Feature_105,0.025611881,105
Feature_301,0.025256906,301
Feature_1110,0.02222085,1110
Feature_272,0.017315956,272
Feature_1149,0.015235749,1149
Feature_946,0.0151331825,946
Feature_389,0.013455861,389
Feature_1045,0.013291104,1045
Feature_6,0.013080112,6
Feature_70,0.0126667945,70
Feature_14,0.012582085,14
Feature_620,0.010862719,620
Feature_134,0.010574457,134
Feature_1201,0.010089713,1201
Feature_1058,0.009581563,1058
Feature_204,0.00934041,204
Feature_1246,0.009323891,1246
Feature_757,0.008528042,757
Feature_1018,0.008086429,1018
Feature_820,0.00791838,820
Feature_622,0.00761455,622
Feature_555,0.0075638006,555
Feature_234,0.007011394,234
Feature_515,0.006953644,515
Feature_1,0.006892765,1
Feature_84,0.006774163,84
Feature_193,0.00663092,193
Feature_140,0.0066227727,140
Feature_245,0.006615679,245
Feature_200,0.006521511,200
Feature_88,0.0062531945,88
Feature_90,0.0059399297,90
Feature_596,0.0059084636,596
Feature_493,0.005867715,493
Feature_616,0.005537196,616
Feature_278,0.005207124,278
Feature_161,0.005127446,161
Feature_38,0.005067256,38
Feature_1198,0.0048619583,1198
Feature_65,0.004741002,65
Feature_51,0.004511581,51
Feature_188,0.0042109257,188
Feature_1210,0.004207574,1210
Feature_1362,0.004103976,1362
Feature_784,0.0040459395,784
Feature_391,0.0039142896,391
Feature_126,0.0033840828,126
Feature_111,0.0032768454,111
Feature_1129,0.0032448687,1129
Feature_178,0.0031223085,178
Feature_109,0.0027371808,109
Feature_138,0.002665347,138
Feature_165,0.0025715374,165
Feature_523,0.002564891,523
Feature_1164,0.0023135762,1164
Feature_2,0.002238816,2
Feature_163,0.0022187436,163
Feature_284,0.0020038984,284
Feature_218,0.0019122565,218
Feature_326,0.001908703,326
Feature_1222,0.0019047703,1222
Feature_1587,0.0018724686,1587
Feature_1229,0.0018155224,1229
Feature_734,0.0016923368,734
Feature_1116,0.0016912357,1116
Feature_298,0.0016565354,298
Feature_60,0.0016261663,60
Feature_1594,0.0016148407,1594
Feature_501,0.0016135438,501
Feature_990,0.0016035388,990
Feature_346,0.001519077,346
Feature_587,0.0015044989,587
Feature_1811,0.0014674157,1811
Feature_1282,0.001395771,1282
Feature_1511,0.0013693582,1511
Feature_0,0.0013674713,0
Feature_27,0.0013431109,27
Feature_1629,0.0013262909,1629
Feature_1241,0.00127831,1241
Feature_26,0.0012504674,26
Feature_736,0.0011350128,736
Feature_1456,0.0010735317,1456
Feature_3,0.001034363,3
Feature_1815,0.0009838939,1815
Feature_1751,0.00082561135,1751
Feature_20,0.00082404993,20
Feature_1219,0.0007493565,1219
Feature_180,0.0007187025,180
Feature_251,0.0006978193,251
Feature_1842,0.00069201534,1842
Feature_135,0.00068663806,135
Feature_466,0.0006641429,466
Feature_415,0.00066194264,415
Feature_926,0.0006446924,926
Feature_279,0.0006291518,279
Feature_10,0.00061544357,10
Feature_336,0.0005511136,336
Feature_1200,0.0005314969,1200
Feature_345,0.00052884466,345
Feature_1020,0.0005161397,1020
Feature_1147,0.0005016692,1147
Feature_108,0.0004584469,108
Feature_290,0.00039267982,290
Feature_24,0.00037078874,24
Feature_330,0.0003377711,330
Feature_962,0.00033524126,962
Feature_519,0.0003318266,519
Feature_238,0.00031935793,238
Feature_46,0.00021602646,46
Feature_39,0.00019687596,39
Feature_7,0.00017385729,7
Feature_25,0.00014949712,25
Feature_221,0.00014403218,221
Feature_15,9.147817e-05,15
Feature_69,9.1389724e-05,69
Feature_103,8.2829225e-05,103
Feature_37,7.339948e-05,37
Feature_45,7.072873e-05,45
Feature_99,6.426767e-05,99
Feature_4,6.326925e-05,4
Feature_117,6.315574e-05,117
Feature_829,6.063433e-05,829
Feature_12,5.9021764e-05,12
Feature_843,5.0831328e-05,843
Feature_23,4.9440252e-05,23
Feature_48,3.1856736e-05,48
Feature_5,2.9741992e-05,5
Feature_1878,2.9311283e-05,1878
Feature_29,2.718563e-05,29
Feature_13,1.8007333e-05,13
Feature_172,1.7629282e-05,172
Feature_350,1.5359787e-05,350
Feature_17,1.1721707e-05,17
Feature_202,1.1175215e-05,202
Feature_67,6.515864e-06,67
Feature_1346,0.0,1346
Feature_1324,0.0,1324
Feature_1326,0.0,1326
Feature_1325,0.0,1325
Feature_1347,0.0,1347
Feature_1323,0.0,1323
Feature_1322,0.0,1322
Feature_1321,0.0,1321
Feature_1327,0.0,1327
Feature_1330,0.0,1330
Feature_1328,0.0,1328
Feature_1329,0.0,1329
Feature_1342,0.0,1342
Feature_1341,0.0,1341
Feature_1343,0.0,1343
Feature_1340,0.0,1340
Feature_1339,0.0,1339
Feature_1338,0.0,1338
Feature_1337,0.0,1337
Feature_1320,0.0,1320
Feature_1344,0.0,1344
Feature_1336,0.0,1336
Feature_1335,0.0,1335
Feature_1334,0.0,1334
Feature_1333,0.0,1333
Feature_1345,0.0,1345
Feature_1332,0.0,1332
Feature_1331,0.0,1331
Feature_1033,0.0,1033
Feature_1085,0.0,1085
Feature_1308,0.0,1308
Feature_1319,0.0,1319
Feature_1285,0.0,1285
Feature_1295,0.0,1295
Feature_1294,0.0,1294
Feature_1293,0.0,1293
Feature_1292,0.0,1292
Feature_1291,0.0,1291
Feature_1290,0.0,1290
Feature_1289,0.0,1289
Feature_1288,0.0,1288
Feature_1287,0.0,1287
Feature_1286,0.0,1286
Feature_1284,0.0,1284
Feature_1297,0.0,1297
Feature_1283,0.0,1283
Feature_1038,0.0,1038
Feature_1281,0.0,1281
Feature_1280,0.0,1280
Feature_1039,0.0,1039
Feature_1278,0.0,1278
Feature_1277,0.0,1277
Feature_1040,0.0,1040
Feature_1276,0.0,1276
Feature_1275,0.0,1275
Feature_1296,0.0,1296
Feature_1037,0.0,1037
Feature_1318,0.0,1318
Feature_1307,0.0,1307
Feature_1317,0.0,1317
Feature_1316,0.0,1316
Feature_1315,0.0,1315
Feature_1314,0.0,1314
Feature_1313,0.0,1313
Feature_1312,0.0,1312
Feature_1311,0.0,1311
Feature_1310,0.0,1310
Feature_1309,0.0,1309
Feature_1349,0.0,1349
Feature_1306,0.0,1306
Feature_1298,0.0,1298
Feature_1305,0.0,1305
Feature_1304,0.0,1304
Feature_1303,0.0,1303
Feature_1302,0.0,1302
Feature_1034,0.0,1034
Feature_1301,0.0,1301
Feature_1035,0.0,1035
Feature_1300,0.0,1300
Feature_1299,0.0,1299
Feature_1036,0.0,1036
Feature_1348,0.0,1348
Feature_1361,0.0,1361
Feature_1350,0.0,1350
Feature_1028,0.0,1028
Feature_1424,0.0,1424
Feature_1423,0.0,1423
Feature_1422,0.0,1422
Feature_1421,0.0,1421
Feature_1420,0.0,1420
Feature_1419,0.0,1419
Feature_1418,0.0,1418
Feature_1417,0.0,1417
Feature_1416,0.0,1416
Feature_1415,0.0,1415
Feature_1414,0.0,1414
Feature_1029,0.0,1029
Feature_1413,0.0,1413
Feature_1412,0.0,1412
Feature_1411,0.0,1411
Feature_1410,0.0,1410
Feature_1409,0.0,1409
Feature_1408,0.0,1408
Feature_1407,0.0,1407
Feature_1406,0.0,1406
Feature_1405,0.0,1405
Feature_1404,0.0,1404
Feature_1403,0.0,1403
Feature_1425,0.0,1425
Feature_1426,0.0,1426
Feature_1351,0.0,1351
Feature_1427,0.0,1427
Feature_1450,0.0,1450
Feature_1449,0.0,1449
Feature_1448,0.0,1448
Feature_1447,0.0,1447
Feature_1446,0.0,1446
Feature_1445,0.0,1445
Feature_1444,0.0,1444
Feature_1443,0.0,1443
Feature_1442,0.0,1442
Feature_1441,0.0,1441
Feature_1440,0.0,1440
Feature_1439,0.0,1439
Feature_1438,0.0,1438
Feature_1437,0.0,1437
Feature_1436,0.0,1436
Feature_1435,0.0,1435
Feature_1434,0.0,1434
Feature_1433,0.0,1433
Feature_1432,0.0,1432
Feature_1431,0.0,1431
Feature_1430,0.0,1430
Feature_1429,0.0,1429
Feature_1428,0.0,1428
Feature_1402,0.0,1402
Feature_1030,0.0,1030
Feature_1401,0.0,1401
Feature_1400,0.0,1400
Feature_1375,0.0,1375
Feature_1374,0.0,1374
Feature_1373,0.0,1373
Feature_1372,0.0,1372
Feature_1371,0.0,1371
Feature_1370,0.0,1370
Feature_1369,0.0,1369
Feature_1368,0.0,1368
Feature_1367,0.0,1367
Feature_1366,0.0,1366
Feature_1365,0.0,1365
Feature_1364,0.0,1364
Feature_1363,0.0,1363
Feature_1273,0.0,1273
Feature_1360,0.0,1360
Feature_1359,0.0,1359
Feature_1358,0.0,1358
Feature_1357,0.0,1357
Feature_1356,0.0,1356
Feature_1355,0.0,1355
Feature_1354,0.0,1354
Feature_1353,0.0,1353
Feature_1352,0.0,1352
Feature_1376,0.0,1376
Feature_1377,0.0,1377
Feature_1378,0.0,1378
Feature_1390,0.0,1390
Feature_1399,0.0,1399
Feature_1398,0.0,1398
Feature_1397,0.0,1397
Feature_1396,0.0,1396
Feature_1395,0.0,1395
Feature_1394,0.0,1394
Feature_1393,0.0,1393
Feature_1031,0.0,1031
Feature_1392,0.0,1392
Feature_1391,0.0,1391
Feature_1389,0.0,1389
Feature_1379,0.0,1379
Feature_1388,0.0,1388
Feature_1387,0.0,1387
Feature_1386,0.0,1386
Feature_1385,0.0,1385
Feature_1384,0.0,1384
Feature_1383,0.0,1383
Feature_1382,0.0,1382
Feature_1381,0.0,1381
Feature_1380,0.0,1380
Feature_1032,0.0,1032
Feature_1274,0.0,1274
Feature_1257,0.0,1257
Feature_1272,0.0,1272
Feature_1150,0.0,1150
Feature_1148,0.0,1148
Feature_1068,0.0,1068
Feature_1146,0.0,1146
Feature_1145,0.0,1145
Feature_1144,0.0,1144
Feature_1143,0.0,1143
Feature_1069,0.0,1069
Feature_1142,0.0,1142
Feature_1141,0.0,1141
Feature_1140,0.0,1140
Feature_1139,0.0,1139
Feature_1138,0.0,1138
Feature_1137,0.0,1137
Feature_1136,0.0,1136
Feature_1135,0.0,1135
Feature_1070,0.0,1070
Feature_1134,0.0,1134
Feature_1133,0.0,1133
Feature_1132,0.0,1132
Feature_1131,0.0,1131
Feature_1130,0.0,1130
Feature_1071,0.0,1071
Feature_1128,0.0,1128
Feature_1067,0.0,1067
Feature_1151,0.0,1151
Feature_1271,0.0,1271
Feature_1066,0.0,1066
Feature_1171,0.0,1171
Feature_1170,0.0,1170
Feature_1169,0.0,1169
Feature_1168,0.0,1168
Feature_1167,0.0,1167
Feature_1060,0.0,1060
Feature_1061,0.0,1061
Feature_1166,0.0,1166
Feature_1165,0.0,1165
Feature_1062,0.0,1062
Feature_1163,0.0,1163
Feature_1162,0.0,1162
Feature_1161,0.0,1161
Feature_1160,0.0,1160
Feature_1159,0.0,1159
Feature_1158,0.0,1158
Feature_1157,0.0,1157
Feature_1156,0.0,1156
Feature_1155,0.0,1155
Feature_1063,0.0,1063
Feature_1154,0.0,1154
Feature_1153,0.0,1153
Feature_1064,0.0,1064
Feature_1127,0.0,1127
Feature_1126,0.0,1126
Feature_1125,0.0,1125
Feature_1124,0.0,1124
Feature_1105,0.0,1105
Feature_1104,0.0,1104
Feature_1103,0.0,1103
Feature_1102,0.0,1102
Feature_1101,0.0,1101
Feature_1100,0.0,1100
Feature_1099,0.0,1099
Feature_1082,0.0,1082
Feature_1098,0.0,1098
Feature_1083,0.0,1083
Feature_1097,0.0,1097
Feature_1096,0.0,1096
Feature_1095,0.0,1095
Feature_1094,0.0,1094
Feature_1093,0.0,1093
Feature_1092,0.0,1092
Feature_1091,0.0,1091
Feature_1090,0.0,1090
Feature_1089,0.0,1089
Feature_1088,0.0,1088
Feature_1087,0.0,1087
Feature_1086,0.0,1086
Feature_1084,0.0,1084
Feature_1081,0.0,1081
Feature_1106,0.0,1106
Feature_1080,0.0,1080
Feature_1119,0.0,1119
Feature_1072,0.0,1072
Feature_1073,0.0,1073
Feature_1074,0.0,1074
Feature_1123,0.0,1123
Feature_1075,0.0,1075
Feature_1076,0.0,1076
Feature_1077,0.0,1077
Feature_1122,0.0,1122
Feature_1121,0.0,1121
Feature_1120,0.0,1120
Feature_1118,0.0,1118
Feature_1107,0.0,1107
Feature_1117,0.0,1117
Feature_1078,0.0,1078
Feature_1115,0.0,1115
Feature_1114,0.0,1114
Feature_1113,0.0,1113
Feature_1112,0.0,1112
Feature_1111,0.0,1111
Feature_1079,0.0,1079
Feature_1109,0.0,1109
Feature_1108,0.0,1108
Feature_1172,0.0,1172
Feature_1173,0.0,1173
Feature_1174,0.0,1174
Feature_1048,0.0,1048
Feature_1044,0.0,1044
Feature_1245,0.0,1245
Feature_1244,0.0,1244
Feature_1243,0.0,1243
Feature_1242,0.0,1242
Feature_1240,0.0,1240
Feature_1239,0.0,1239
Feature_1238,0.0,1238
Feature_1237,0.0,1237
Feature_1236,0.0,1236
Feature_1235,0.0,1235
Feature_1234,0.0,1234
Feature_1233,0.0,1233
Feature_1232,0.0,1232
Feature_1231,0.0,1231
Feature_1230,0.0,1230
Feature_1228,0.0,1228
Feature_1227,0.0,1227
Feature_1046,0.0,1046
Feature_1226,0.0,1226
Feature_1047,0.0,1047
Feature_1225,0.0,1225
Feature_1224,0.0,1224
Feature_1043,0.0,1043
Feature_1042,0.0,1042
Feature_1247,0.0,1247
Feature_1260,0.0,1260
Feature_1270,0.0,1270
Feature_1269,0.0,1269
Feature_1268,0.0,1268
Feature_1267,0.0,1267
Feature_1266,0.0,1266
Feature_1265,0.0,1265
Feature_1264,0.0,1264
Feature_1263,0.0,1263
Feature_1262,0.0,1262
Feature_1261,0.0,1261
Feature_1259,0.0,1259
Feature_1248,0.0,1248
Feature_1258,0.0,1258
Feature_1256,0.0,1256
Feature_1255,0.0,1255
Feature_1254,0.0,1254
Feature_1253,0.0,1253
Feature_1252,0.0,1252
Feature_1251,0.0,1251
Feature_1250,0.0,1250
Feature_1041,0.0,1041
Feature_1249,0.0,1249
Feature_1223,0.0,1223
Feature_1049,0.0,1049
Feature_1175,0.0,1175
Feature_1221,0.0,1221
Feature_1197,0.0,1197
Feature_1196,0.0,1196
Feature_1195,0.0,1195
Feature_1194,0.0,1194
Feature_1193,0.0,1193
Feature_1192,0.0,1192
Feature_1191,0.0,1191
Feature_1190,0.0,1190
Feature_1189,0.0,1189
Feature_1188,0.0,1188
Feature_1187,0.0,1187
Feature_1186,0.0,1186
Feature_1059,0.0,1059
Feature_1185,0.0,1185
Feature_1184,0.0,1184
Feature_1183,0.0,1183
Feature_1182,0.0,1182
Feature_1181,0.0,1181
Feature_1180,0.0,1180
Feature_1179,0.0,1179
Feature_1178,0.0,1178
Feature_1177,0.0,1177
Feature_1176,0.0,1176
Feature_1057,0.0,1057
Feature_1199,0.0,1199
Feature_1056,0.0,1056
Feature_1212,0.0,1212
Feature_1220,0.0,1220
Feature_1050,0.0,1050
Feature_1218,0.0,1218
Feature_1452,0.0,1452
Feature_1217,0.0,1217
Feature_1216,0.0,1216
Feature_1215,0.0,1215
Feature_1214,0.0,1214
Feature_1051,0.0,1051
Feature_1213,0.0,1213
Feature_1211,0.0,1211
Feature_1055,0.0,1055
Feature_1052,0.0,1052
Feature_1053,0.0,1053
Feature_1209,0.0,1209
Feature_1208,0.0,1208
Feature_1207,0.0,1207
Feature_1206,0.0,1206
Feature_1205,0.0,1205
Feature_1204,0.0,1204
Feature_1203,0.0,1203
Feature_1202,0.0,1202
Feature_1451,0.0,1451
Feature_1503,0.0,1503
Feature_1453,0.0,1453
Feature_1773,0.0,1773
Feature_1771,0.0,1771
Feature_1770,0.0,1770
Feature_1769,0.0,1769
Feature_1768,0.0,1768
Feature_1767,0.0,1767
Feature_1766,0.0,1766
Feature_1765,0.0,1765
Feature_1764,0.0,1764
Feature_1763,0.0,1763
Feature_1762,0.0,1762
Feature_1761,0.0,1761
Feature_1760,0.0,1760
Feature_1759,0.0,1759
Feature_1758,0.0,1758
Feature_1757,0.0,1757
Feature_1756,0.0,1756
Feature_1755,0.0,1755
Feature_1754,0.0,1754
Feature_1753,0.0,1753
Feature_1752,0.0,1752
Feature_1750,0.0,1750
Feature_1749,0.0,1749
Feature_1748,0.0,1748
Feature_1747,0.0,1747
Feature_1746,0.0,1746
Feature_1772,0.0,1772
Feature_1774,0.0,1774
Feature_1687,0.0,1687
Feature_1775,0.0,1775
Feature_1800,0.0,1800
Feature_1799,0.0,1799
Feature_1798,0.0,1798
Feature_1797,0.0,1797
Feature_1796,0.0,1796
Feature_1795,0.0,1795
Feature_1794,0.0,1794
Feature_1793,0.0,1793
Feature_1792,0.0,1792
Feature_1791,0.0,1791
Feature_1790,0.0,1790
Feature_1789,0.0,1789
Feature_1788,0.0,1788
Feature_1787,0.0,1787
Feature_1786,0.0,1786
Feature_1785,0.0,1785
Feature_1784,0.0,1784
Feature_1783,0.0,1783
Feature_1782,0.0,1782
Feature_1781,0.0,1781
Feature_1780,0.0,1780
Feature_1779,0.0,1779
Feature_1778,0.0,1778
Feature_1777,0.0,1777
Feature_1776,0.0,1776
Feature_1745,0.0,1745
Feature_1744,0.0,1744
Feature_1743,0.0,1743
Feature_1742,0.0,1742
Feature_1713,0.0,1713
Feature_1712,0.0,1712
Feature_1711,0.0,1711
Feature_1710,0.0,1710
Feature_1709,0.0,1709
Feature_1708,0.0,1708
Feature_1707,0.0,1707
Feature_1706,0.0,1706
Feature_1705,0.0,1705
Feature_1704,0.0,1704
Feature_1703,0.0,1703
Feature_1702,0.0,1702
Feature_1701,0.0,1701
Feature_1700,0.0,1700
Feature_1699,0.0,1699
Feature_1698,0.0,1698
Feature_1697,0.0,1697
Feature_1696,0.0,1696
Feature_1695,0.0,1695
Feature_1694,0.0,1694
Feature_1693,0.0,1693
Feature_1692,0.0,1692
Feature_1691,0.0,1691
Feature_1690,0.0,1690
Feature_1689,0.0,1689
Feature_1714,0.0,1714
Feature_1715,0.0,1715
Feature_1716,0.0,1716
Feature_1730,0.0,1730
Feature_1741,0.0,1741
Feature_1740,0.0,1740
Feature_1739,0.0,1739
Feature_1738,0.0,1738
Feature_1737,0.0,1737
Feature_1736,0.0,1736
Feature_1735,0.0,1735
Feature_1734,0.0,1734
Feature_1733,0.0,1733
Feature_1732,0.0,1732
Feature_1731,0.0,1731
Feature_1729,0.0,1729
Feature_1717,0.0,1717
Feature_1728,0.0,1728
Feature_1727,0.0,1727
Feature_1726,0.0,1726
Feature_1725,0.0,1725
Feature_1724,0.0,1724
Feature_1723,0.0,1723
Feature_1722,0.0,1722
Feature_1721,0.0,1721
Feature_1720,0.0,1720
Feature_1719,0.0,1719
Feature_1718,0.0,1718
Feature_1801,0.0,1801
Feature_1802,0.0,1802
Feature_1803,0.0,1803
Feature_1863,0.0,1863
Feature_1890,0.0,1890
Feature_1889,0.0,1889
Feature_1888,0.0,1888
Feature_1887,0.0,1887
Feature_1886,0.0,1886
Feature_1885,0.0,1885
Feature_1884,0.0,1884
Feature_1883,0.0,1883
Feature_1882,0.0,1882
Feature_1881,0.0,1881
Feature_1880,0.0,1880
Feature_1879,0.0,1879
Feature_1877,0.0,1877
Feature_1876,0.0,1876
Feature_1875,0.0,1875
Feature_1874,0.0,1874
Feature_1873,0.0,1873
Feature_1872,0.0,1872
Feature_1871,0.0,1871
Feature_1870,0.0,1870
Feature_1869,0.0,1869
Feature_1868,0.0,1868
Feature_1867,0.0,1867
Feature_1866,0.0,1866
Feature_1865,0.0,1865
Feature_1891,0.0,1891
Feature_1892,0.0,1892
Feature_1893,0.0,1893
Feature_1907,0.0,1907
Feature_1918,0.0,1918
Feature_1917,0.0,1917
Feature_1916,0.0,1916
Feature_1915,0.0,1915
Feature_1914,0.0,1914
Feature_1913,0.0,1913
Feature_1912,0.0,1912
Feature_1911,0.0,1911
Feature_1910,0.0,1910
Feature_1909,0.0,1909
Feature_1908,0.0,1908
Feature_1906,0.0,1906
Feature_1894,0.0,1894
Feature_1905,0.0,1905
Feature_1904,0.0,1904
Feature_1903,0.0,1903
Feature_1902,0.0,1902
Feature_1901,0.0,1901
Feature_1900,0.0,1900
Feature_1899,0.0,1899
Feature_1898,0.0,1898
Feature_1897,0.0,1897
Feature_1896,0.0,1896
Feature_1895,0.0,1895
Feature_1864,0.0,1864
Feature_1862,0.0,1862
Feature_1804,0.0,1804
Feature_1861,0.0,1861
Feature_1831,0.0,1831
Feature_1830,0.0,1830
Feature_1829,0.0,1829
Feature_1828,0.0,1828
Feature_1827,0.0,1827
Feature_1826,0.0,1826
Feature_1825,0.0,1825
Feature_1824,0.0,1824
Feature_1823,0.0,1823
Feature_1822,0.0,1822
Feature_1821,0.0,1821
Feature_1820,0.0,1820
Feature_1819,0.0,1819
Feature_1818,0.0,1818
Feature_1817,0.0,1817
Feature_1816,0.0,1816
Feature_1814,0.0,1814
Feature_1813,0.0,1813
Feature_1812,0.0,1812
Feature_1810,0.0,1810
Feature_1809,0.0,1809
Feature_1808,0.0,1808
Feature_1807,0.0,1807
Feature_1806,0.0,1806
Feature_1805,0.0,1805
Feature_1832,0.0,1832
Feature_1833,0.0,1833
Feature_1834,0.0,1834
Feature_1849,0.0,1849
Feature_1860,0.0,1860
Feature_1859,0.0,1859
Feature_1858,0.0,1858
Feature_1857,0.0,1857
Feature_1856,0.0,1856
Feature_1855,0.0,1855
Feature_1854,0.0,1854
Feature_1853,0.0,1853
Feature_1852,0.0,1852
Feature_1851,0.0,1851
Feature_1850,0.0,1850
Feature_1848,0.0,1848
Feature_1835,0.0,1835
Feature_1847,0.0,1847
Feature_1846,0.0,1846
Feature_1845,0.0,1845
Feature_1844,0.0,1844
Feature_1843,0.0,1843
Feature_1841,0.0,1841
Feature_1840,0.0,1840
Feature_1839,0.0,1839
Feature_1838,0.0,1838
Feature_1837,0.0,1837
Feature_1836,0.0,1836
Feature_1688,0.0,1688
Feature_1686,0.0,1686
Feature_1454,0.0,1454
Feature_1540,0.0,1540
Feature_1538,0.0,1538
Feature_1537,0.0,1537
Feature_1536,0.0,1536
Feature_1535,0.0,1535
Feature_1534,0.0,1534
Feature_1533,0.0,1533
Feature_1532,0.0,1532
Feature_1531,0.0,1531
Feature_1530,0.0,1530
Feature_1529,0.0,1529
Feature_1528,0.0,1528
Feature_1527,0.0,1527
Feature_1526,0.0,1526
Feature_1525,0.0,1525
Feature_1524,0.0,1524
Feature_1523,0.0,1523
Feature_1522,0.0,1522
Feature_1521,0.0,1521
Feature_1520,0.0,1520
Feature_1519,0.0,1519
Feature_1518,0.0,1518
Feature_1517,0.0,1517
Feature_1516,0.0,1516
Feature_1515,0.0,1515
Feature_1514,0.0,1514
Feature_1539,0.0,1539
Feature_1541,0.0,1541
Feature_1685,0.0,1685
Feature_1542,0.0,1542
Feature_1567,0.0,1567
Feature_1566,0.0,1566
Feature_1565,0.0,1565
Feature_1564,0.0,1564
Feature_1563,0.0,1563
Feature_1562,0.0,1562
Feature_1561,0.0,1561
Feature_1560,0.0,1560
Feature_1559,0.0,1559
Feature_1558,0.0,1558
Feature_1557,0.0,1557
Feature_1556,0.0,1556
Feature_1555,0.0,1555
Feature_1554,0.0,1554
Feature_1553,0.0,1553
Feature_1552,0.0,1552
Feature_1551,0.0,1551
Feature_1550,0.0,1550
Feature_1549,0.0,1549
Feature_1548,0.0,1548
Feature_1547,0.0,1547
Feature_1546,0.0,1546
Feature_1545,0.0,1545
Feature_1544,0.0,1544
Feature_1543,0.0,1543
Feature_1513,0.0,1513
Feature_1512,0.0,1512
Feature_1510,0.0,1510
Feature_1509,0.0,1509
Feature_1480,0.0,1480
Feature_1479,0.0,1479
Feature_1478,0.0,1478
Feature_1477,0.0,1477
Feature_1476,0.0,1476
Feature_1475,0.0,1475
Feature_1474,0.0,1474
Feature_1473,0.0,1473
Feature_1472,0.0,1472
Feature_1471,0.0,1471
Feature_1470,0.0,1470
Feature_1469,0.0,1469
Feature_1468,0.0,1468
Feature_1467,0.0,1467
Feature_1466,0.0,1466
Feature_1465,0.0,1465
Feature_1464,0.0,1464
Feature_1463,0.0,1463
Feature_1462,0.0,1462
Feature_1461,0.0,1461
Feature_1460,0.0,1460
Feature_1459,0.0,1459
Feature_1458,0.0,1458
Feature_1457,0.0,1457
Feature_1455,0.0,1455
Feature_1481,0.0,1481
Feature_1482,0.0,1482
Feature_1483,0.0,1483
Feature_1497,0.0,1497
Feature_1508,0.0,1508
Feature_1507,0.0,1507
Feature_1506,0.0,1506
Feature_1505,0.0,1505
Feature_1504,0.0,1504
Feature_1026,0.0,1026
Feature_1502,0.0,1502
Feature_1501,0.0,1501
Feature_1500,0.0,1500
Feature_1499,0.0,1499
Feature_1498,0.0,1498
Feature_1496,0.0,1496
Feature_1484,0.0,1484
Feature_1495,0.0,1495
Feature_1494,0.0,1494
Feature_1493,0.0,1493
Feature_1492,0.0,1492
Feature_1491,0.0,1491
Feature_1490,0.0,1490
Feature_1489,0.0,1489
Feature_1488,0.0,1488
Feature_1487,0.0,1487
Feature_1486,0.0,1486
Feature_1485,0.0,1485
Feature_1568,0.0,1568
Feature_1569,0.0,1569
Feature_1570,0.0,1570
Feature_1630,0.0,1630
Feature_1656,0.0,1656
Feature_1655,0.0,1655
Feature_1654,0.0,1654
Feature_1653,0.0,1653
Feature_1652,0.0,1652
Feature_1651,0.0,1651
Feature_1650,0.0,1650
Feature_1649,0.0,1649
Feature_1648,0.0,1648
Feature_1647,0.0,1647
Feature_1646,0.0,1646
Feature_1645,0.0,1645
Feature_1644,0.0,1644
Feature_1643,0.0,1643
Feature_1642,0.0,1642
Feature_1641,0.0,1641
Feature_1640,0.0,1640
Feature_1639,0.0,1639
Feature_1638,0.0,1638
Feature_1637,0.0,1637
Feature_1636,0.0,1636
Feature_1635,0.0,1635
Feature_1634,0.0,1634
Feature_1633,0.0,1633
Feature_1632,0.0,1632
Feature_1657,0.0,1657
Feature_1658,0.0,1658
Feature_1659,0.0,1659
Feature_1673,0.0,1673
Feature_1684,0.0,1684
Feature_1683,0.0,1683
Feature_1682,0.0,1682
Feature_1681,0.0,1681
Feature_1680,0.0,1680
Feature_1679,0.0,1679
Feature_1678,0.0,1678
Feature_1677,0.0,1677
Feature_1676,0.0,1676
Feature_1675,0.0,1675
Feature_1674,0.0,1674
Feature_1672,0.0,1672
Feature_1660,0.0,1660
Feature_1671,0.0,1671
Feature_1670,0.0,1670
Feature_1669,0.0,1669
Feature_1668,0.0,1668
Feature_1667,0.0,1667
Feature_1666,0.0,1666
Feature_1665,0.0,1665
Feature_1664,0.0,1664
Feature_1663,0.0,1663
Feature_1662,0.0,1662
Feature_1661,0.0,1661
Feature_1631,0.0,1631
Feature_1628,0.0,1628
Feature_1571,0.0,1571
Feature_1627,0.0,1627
Feature_1598,0.0,1598
Feature_1597,0.0,1597
Feature_1596,0.0,1596
Feature_1595,0.0,1595
Feature_1593,0.0,1593
Feature_1592,0.0,1592
Feature_1591,0.0,1591
Feature_1590,0.0,1590
Feature_1589,0.0,1589
Feature_1588,0.0,1588
Feature_1586,0.0,1586
Feature_1585,0.0,1585
Feature_1584,0.0,1584
Feature_1583,0.0,1583
Feature_1582,0.0,1582
Feature_1581,0.0,1581
Feature_1580,0.0,1580
Feature_1579,0.0,1579
Feature_1578,0.0,1578
Feature_1577,0.0,1577
Feature_1576,0.0,1576
Feature_1575,0.0,1575
Feature_1574,0.0,1574
Feature_1573,0.0,1573
Feature_1572,0.0,1572
Feature_1599,0.0,1599
Feature_1600,0.0,1600
Feature_1601,0.0,1601
Feature_1615,0.0,1615
Feature_1626,0.0,1626
Feature_1625,0.0,1625
Feature_1624,0.0,1624
Feature_1623,0.0,1623
Feature_1622,0.0,1622
Feature_1621,0.0,1621
Feature_1620,0.0,1620
Feature_1619,0.0,1619
Feature_1618,0.0,1618
Feature_1617,0.0,1617
Feature_1616,0.0,1616
Feature_1614,0.0,1614
Feature_1602,0.0,1602
Feature_1613,0.0,1613
Feature_1612,0.0,1612
Feature_1611,0.0,1611
Feature_1610,0.0,1610
Feature_1609,0.0,1609
Feature_1608,0.0,1608
Feature_1607,0.0,1607
Feature_1606,0.0,1606
Feature_1605,0.0,1605
Feature_1604,0.0,1604
Feature_1603,0.0,1603
Feature_1027,0.0,1027
Feature_960,0.0,960
Feature_1025,0.0,1025
Feature_379,0.0,379
Feature_392,0.0,392
Feature_390,0.0,390
Feature_388,0.0,388
Feature_387,0.0,387
Feature_386,0.0,386
Feature_385,0.0,385
Feature_384,0.0,384
Feature_383,0.0,383
Feature_382,0.0,382
Feature_381,0.0,381
Feature_380,0.0,380
Feature_378,0.0,378
Feature_394,0.0,394
Feature_377,0.0,377
Feature_376,0.0,376
Feature_375,0.0,375
Feature_374,0.0,374
Feature_373,0.0,373
Feature_372,0.0,372
Feature_371,0.0,371
Feature_370,0.0,370
Feature_369,0.0,369
Feature_368,0.0,368
Feature_367,0.0,367
Feature_393,0.0,393
Feature_395,0.0,395
Feature_365,0.0,365
Feature_409,0.0,409
Feature_421,0.0,421
Feature_420,0.0,420
Feature_419,0.0,419
Feature_418,0.0,418
Feature_417,0.0,417
Feature_416,0.0,416
Feature_414,0.0,414
Feature_413,0.0,413
Feature_412,0.0,412
Feature_411,0.0,411
Feature_410,0.0,410
Feature_408,0.0,408
Feature_396,0.0,396
Feature_407,0.0,407
Feature_406,0.0,406
Feature_405,0.0,405
Feature_404,0.0,404
Feature_403,0.0,403
Feature_402,0.0,402
Feature_401,0.0,401
Feature_400,0.0,400
Feature_399,0.0,399
Feature_398,0.0,398
Feature_397,0.0,397
Feature_366,0.0,366
Feature_364,0.0,364
Feature_423,0.0,423
Feature_317,0.0,317
Feature_329,0.0,329
Feature_328,0.0,328
Feature_327,0.0,327
Feature_325,0.0,325
Feature_324,0.0,324
Feature_323,0.0,323
Feature_322,0.0,322
Feature_321,0.0,321
Feature_320,0.0,320
Feature_319,0.0,319
Feature_318,0.0,318
Feature_316,0.0,316
Feature_332,0.0,332
Feature_315,0.0,315
Feature_314,0.0,314
Feature_313,0.0,313
Feature_311,0.0,311
Feature_310,0.0,310
Feature_309,0.0,309
Feature_308,0.0,308
Feature_307,0.0,307
Feature_306,0.0,306
Feature_305,0.0,305
Feature_304,0.0,304
Feature_331,0.0,331
Feature_333,0.0,333
Feature_363,0.0,363
Feature_351,0.0,351
Feature_362,0.0,362
Feature_361,0.0,361
Feature_360,0.0,360
Feature_359,0.0,359
Feature_358,0.0,358
Feature_357,0.0,357
Feature_356,0.0,356
Feature_355,0.0,355
Feature_354,0.0,354
Feature_353,0.0,353
Feature_352,0.0,352
Feature_349,0.0,349
Feature_334,0.0,334
Feature_348,0.0,348
Feature_347,0.0,347
Feature_344,0.0,344
Feature_343,0.0,343
Feature_342,0.0,342
Feature_341,0.0,341
Feature_340,0.0,340
Feature_339,0.0,339
Feature_338,0.0,338
Feature_337,0.0,337
Feature_335,0.0,335
Feature_422,0.0,422
Feature_424,0.0,424
Feature_546,0.0,546
Feature_500,0.0,500
Feature_512,0.0,512
Feature_511,0.0,511
Feature_510,0.0,510
Feature_509,0.0,509
Feature_508,0.0,508
Feature_507,0.0,507
Feature_506,0.0,506
Feature_505,0.0,505
Feature_504,0.0,504
Feature_503,0.0,503
Feature_502,0.0,502
Feature_499,0.0,499
Feature_514,0.0,514
Feature_498,0.0,498
Feature_497,0.0,497
Feature_496,0.0,496
Feature_495,0.0,495
Feature_494,0.0,494
Feature_492,0.0,492
Feature_491,0.0,491
Feature_490,0.0,490
Feature_489,0.0,489
Feature_488,0.0,488
Feature_487,0.0,487
Feature_513,0.0,513
Feature_516,0.0,516
Feature_485,0.0,485
Feature_532,0.0,532
Feature_544,0.0,544
Feature_543,0.0,543
Feature_542,0.0,542
Feature_541,0.0,541
Feature_540,0.0,540
Feature_539,0.0,539
Feature_538,0.0,538
Feature_537,0.0,537
Feature_535,0.0,535
Feature_534,0.0,534
Feature_533,0.0,533
Feature_531,0.0,531
Feature_517,0.0,517
Feature_530,0.0,530
Feature_529,0.0,529
Feature_528,0.0,528
Feature_527,0.0,527
Feature_526,0.0,526
Feature_525,0.0,525
Feature_524,0.0,524
Feature_522,0.0,522
Feature_521,0.0,521
Feature_520,0.0,520
Feature_518,0.0,518
Feature_486,0.0,486
Feature_484,0.0,484
Feature_425,0.0,425
Feature_441,0.0,441
Feature_452,0.0,452
Feature_451,0.0,451
Feature_450,0.0,450
Feature_449,0.0,449
Feature_448,0.0,448
Feature_447,0.0,447
Feature_446,0.0,446
Feature_445,0.0,445
Feature_444,0.0,444
Feature_443,0.0,443
Feature_442,0.0,442
Feature_440,0.0,440
Feature_454,0.0,454
Feature_438,0.0,438
Feature_437,0.0,437
Feature_435,0.0,435
Feature_434,0.0,434
Feature_432,0.0,432
Feature_431,0.0,431
Feature_430,0.0,430
Feature_429,0.0,429
Feature_428,0.0,428
Feature_427,0.0,427
Feature_426,0.0,426
Feature_453,0.0,453
Feature_455,0.0,455
Feature_483,0.0,483
Feature_470,0.0,470
Feature_482,0.0,482
Feature_481,0.0,481
Feature_480,0.0,480
Feature_479,0.0,479
Feature_477,0.0,477
Feature_476,0.0,476
Feature_475,0.0,475
Feature_474,0.0,474
Feature_473,0.0,473
Feature_472,0.0,472
Feature_471,0.0,471
Feature_469,0.0,469
Feature_456,0.0,456
Feature_468,0.0,468
Feature_467,0.0,467
Feature_465,0.0,465
Feature_464,0.0,464
Feature_463,0.0,463
Feature_462,0.0,462
Feature_461,0.0,461
Feature_460,0.0,460
Feature_459,0.0,459
Feature_458,0.0,458
Feature_457,0.0,457
Feature_303,0.0,303
Feature_302,0.0,302
Feature_300,0.0,300
Feature_114,0.0,114
Feature_127,0.0,127
Feature_125,0.0,125
Feature_124,0.0,124
Feature_123,0.0,123
Feature_122,0.0,122
Feature_121,0.0,121
Feature_120,0.0,120
Feature_119,0.0,119
Feature_118,0.0,118
Feature_116,0.0,116
Feature_115,0.0,115
Feature_113,0.0,113
Feature_129,0.0,129
Feature_112,0.0,112
Feature_107,0.0,107
Feature_106,0.0,106
Feature_104,0.0,104
Feature_102,0.0,102
Feature_101,0.0,101
Feature_100,0.0,100
Feature_98,0.0,98
Feature_97,0.0,97
Feature_96,0.0,96
Feature_95,0.0,95
Feature_128,0.0,128
Feature_130,0.0,130
Feature_93,0.0,93
Feature_148,0.0,148
Feature_159,0.0,159
Feature_158,0.0,158
Feature_157,0.0,157
Feature_156,0.0,156
Feature_155,0.0,155
Feature_154,0.0,154
Feature_153,0.0,153
Feature_152,0.0,152
Feature_151,0.0,151
Feature_150,0.0,150
Feature_149,0.0,149
Feature_147,0.0,147
Feature_131,0.0,131
Feature_146,0.0,146
Feature_145,0.0,145
Feature_144,0.0,144
Feature_143,0.0,143
Feature_142,0.0,142
Feature_141,0.0,141
Feature_139,0.0,139
Feature_137,0.0,137
Feature_136,0.0,136
Feature_133,0.0,133
Feature_132,0.0,132
Feature_94,0.0,94
Feature_92,0.0,92
Feature_299,0.0,299
Feature_33,0.0,33
Feature_50,0.0,50
Feature_49,0.0,49
Feature_47,0.0,47
Feature_44,0.0,44
Feature_43,0.0,43
Feature_42,0.0,42
Feature_41,0.0,41
Feature_40,0.0,40
Feature_36,0.0,36
Feature_35,0.0,35
Feature_34,0.0,34
Feature_32,0.0,32
Feature_53,0.0,53
Feature_31,0.0,31
Feature_30,0.0,30
Feature_28,0.0,28
Feature_22,0.0,22
Feature_21,0.0,21
Feature_19,0.0,19
Feature_18,0.0,18
Feature_16,0.0,16
Feature_11,0.0,11
Feature_9,0.0,9
Feature_8,0.0,8
Feature_52,0.0,52
Feature_54,0.0,54
Feature_91,0.0,91
Feature_75,0.0,75
Feature_89,0.0,89
Feature_87,0.0,87
Feature_86,0.0,86
Feature_85,0.0,85
Feature_83,0.0,83
Feature_82,0.0,82
Feature_81,0.0,81
Feature_80,0.0,80
Feature_78,0.0,78
Feature_77,0.0,77
Feature_76,0.0,76
Feature_73,0.0,73
Feature_55,0.0,55
Feature_72,0.0,72
Feature_71,0.0,71
Feature_68,0.0,68
Feature_66,0.0,66
Feature_64,0.0,64
Feature_63,0.0,63
Feature_62,0.0,62
Feature_61,0.0,61
Feature_59,0.0,59
Feature_57,0.0,57
Feature_56,0.0,56
Feature_162,0.0,162
Feature_166,0.0,166
Feature_167,0.0,167
Feature_252,0.0,252
Feature_263,0.0,263
Feature_262,0.0,262
Feature_261,0.0,261
Feature_260,0.0,260
Feature_259,0.0,259
Feature_258,0.0,258
Feature_257,0.0,257
Feature_256,0.0,256
Feature_255,0.0,255
Feature_254,0.0,254
Feature_253,0.0,253
Feature_250,0.0,250
Feature_265,0.0,265
Feature_249,0.0,249
Feature_248,0.0,248
Feature_247,0.0,247
Feature_246,0.0,246
Feature_244,0.0,244
Feature_243,0.0,243
Feature_242,0.0,242
Feature_241,0.0,241
Feature_240,0.0,240
Feature_239,0.0,239
Feature_237,0.0,237
Feature_264,0.0,264
Feature_266,0.0,266
Feature_168,0.0,168
Feature_283,0.0,283
Feature_297,0.0,297
Feature_296,0.0,296
Feature_295,0.0,295
Feature_294,0.0,294
Feature_293,0.0,293
Feature_291,0.0,291
Feature_289,0.0,289
Feature_288,0.0,288
Feature_287,0.0,287
Feature_286,0.0,286
Feature_285,0.0,285
Feature_282,0.0,282
Feature_267,0.0,267
Feature_281,0.0,281
Feature_280,0.0,280
Feature_277,0.0,277
Feature_276,0.0,276
Feature_275,0.0,275
Feature_274,0.0,274
Feature_273,0.0,273
Feature_271,0.0,271
Feature_270,0.0,270
Feature_269,0.0,269
Feature_268,0.0,268
Feature_236,0.0,236
Feature_235,0.0,235
Feature_233,0.0,233
Feature_184,0.0,184
Feature_197,0.0,197
Feature_196,0.0,196
Feature_195,0.0,195
Feature_194,0.0,194
Feature_192,0.0,192
Feature_191,0.0,191
Feature_190,0.0,190
Feature_189,0.0,189
Feature_187,0.0,187
Feature_186,0.0,186
Feature_185,0.0,185
Feature_183,0.0,183
Feature_232,0.0,232
Feature_182,0.0,182
Feature_181,0.0,181
Feature_179,0.0,179
Feature_177,0.0,177
Feature_176,0.0,176
Feature_175,0.0,175
Feature_174,0.0,174
Feature_173,0.0,173
Feature_171,0.0,171
Feature_170,0.0,170
Feature_169,0.0,169
Feature_198,0.0,198
Feature_199,0.0,199
Feature_201,0.0,201
Feature_203,0.0,203
Feature_231,0.0,231
Feature_230,0.0,230
Feature_229,0.0,229
Feature_228,0.0,228
Feature_227,0.0,227
Feature_226,0.0,226
Feature_225,0.0,225
Feature_224,0.0,224
Feature_223,0.0,223
Feature_222,0.0,222
Feature_220,0.0,220
Feature_217,0.0,217
Feature_216,0.0,216
Feature_214,0.0,214
Feature_213,0.0,213
Feature_212,0.0,212
Feature_211,0.0,211
Feature_210,0.0,210
Feature_209,0.0,209
Feature_208,0.0,208
Feature_207,0.0,207
Feature_206,0.0,206
Feature_205,0.0,205
Feature_545,0.0,545
Feature_547,0.0,547
Feature_1024,0.0,1024
Feature_863,0.0,863
Feature_874,0.0,874
Feature_873,0.0,873
Feature_872,0.0,872
Feature_871,0.0,871
Feature_870,0.0,870
Feature_869,0.0,869
Feature_868,0.0,868
Feature_867,0.0,867
Feature_866,0.0,866
Feature_865,0.0,865
Feature_864,0.0,864
Feature_862,0.0,862
Feature_876,0.0,876
Feature_861,0.0,861
Feature_860,0.0,860
Feature_859,0.0,859
Feature_858,0.0,858
Feature_856,0.0,856
Feature_855,0.0,855
Feature_854,0.0,854
Feature_853,0.0,853
Feature_852,0.0,852
Feature_851,0.0,851
Feature_850,0.0,850
Feature_875,0.0,875
Feature_877,0.0,877
Feature_848,0.0,848
Feature_891,0.0,891
Feature_902,0.0,902
Feature_901,0.0,901
Feature_900,0.0,900
Feature_899,0.0,899
Feature_898,0.0,898
Feature_897,0.0,897
Feature_896,0.0,896
Feature_895,0.0,895
Feature_894,0.0,894
Feature_893,0.0,893
Feature_892,0.0,892
Feature_890,0.0,890
Feature_878,0.0,878
Feature_889,0.0,889
Feature_888,0.0,888
Feature_887,0.0,887
Feature_886,0.0,886
Feature_885,0.0,885
Feature_884,0.0,884
Feature_883,0.0,883
Feature_882,0.0,882
Feature_881,0.0,881
Feature_880,0.0,880
Feature_879,0.0,879
Feature_849,0.0,849
Feature_847,0.0,847
Feature_904,0.0,904
Feature_801,0.0,801
Feature_813,0.0,813
Feature_811,0.0,811
Feature_810,0.0,810
Feature_809,0.0,809
Feature_808,0.0,808
Feature_807,0.0,807
Feature_806,0.0,806
Feature_805,0.0,805
Feature_804,0.0,804
Feature_803,0.0,803
Feature_802,0.0,802
Feature_800,0.0,800
Feature_815,0.0,815
Feature_799,0.0,799
Feature_798,0.0,798
Feature_797,0.0,797
Feature_796,0.0,796
Feature_795,0.0,795
Feature_794,0.0,794
Feature_793,0.0,793
Feature_792,0.0,792
Feature_789,0.0,789
Feature_788,0.0,788
Feature_787,0.0,787
Feature_814,0.0,814
Feature_816,0.0,816
Feature_846,0.0,846
Feature_832,0.0,832
Feature_845,0.0,845
Feature_844,0.0,844
Feature_842,0.0,842
Feature_841,0.0,841
Feature_840,0.0,840
Feature_838,0.0,838
Feature_837,0.0,837
Feature_836,0.0,836
Feature_835,0.0,835
Feature_834,0.0,834
Feature_833,0.0,833
Feature_831,0.0,831
Feature_817,0.0,817
Feature_830,0.0,830
Feature_828,0.0,828
Feature_827,0.0,827
Feature_826,0.0,826
Feature_825,0.0,825
Feature_824,0.0,824
Feature_823,0.0,823
Feature_822,0.0,822
Feature_821,0.0,821
Feature_819,0.0,819
Feature_818,0.0,818
Feature_903,0.0,903
Feature_905,0.0,905
Feature_548,0.0,548
Feature_979,0.0,979
Feature_991,0.0,991
Feature_989,0.0,989
Feature_988,0.0,988
Feature_987,0.0,987
Feature_986,0.0,986
Feature_985,0.0,985
Feature_984,0.0,984
Feature_983,0.0,983
Feature_982,0.0,982
Feature_981,0.0,981
Feature_980,0.0,980
Feature_978,0.0,978
Feature_993,0.0,993
Feature_977,0.0,977
Feature_976,0.0,976
Feature_975,0.0,975
Feature_974,0.0,974
Feature_973,0.0,973
Feature_972,0.0,972
Feature_971,0.0,971
Feature_970,0.0,970
Feature_969,0.0,969
Feature_968,0.0,968
Feature_967,0.0,967
Feature_992,0.0,992
Feature_994,0.0,994
Feature_965,0.0,965
Feature_1009,0.0,1009
Feature_1023,0.0,1023
Feature_1021,0.0,1021
Feature_1019,0.0,1019
Feature_1017,0.0,1017
Feature_1016,0.0,1016
Feature_1015,0.0,1015
Feature_1014,0.0,1014
Feature_1013,0.0,1013
Feature_1012,0.0,1012
Feature_1011,0.0,1011
Feature_1010,0.0,1010
Feature_1007,0.0,1007
Feature_995,0.0,995
Feature_1006,0.0,1006
Feature_1005,0.0,1005
Feature_1004,0.0,1004
Feature_1003,0.0,1003
Feature_1002,0.0,1002
Feature_1001,0.0,1001
Feature_1000,0.0,1000
Feature_999,0.0,999
Feature_998,0.0,998
Feature_997,0.0,997
Feature_996,0.0,996
Feature_966,0.0,966
Feature_964,0.0,964
Feature_906,0.0,906
Feature_919,0.0,919
Feature_931,0.0,931
Feature_930,0.0,930
Feature_929,0.0,929
Feature_928,0.0,928
Feature_927,0.0,927
Feature_925,0.0,925
Feature_924,0.0,924
Feature_923,0.0,923
Feature_922,0.0,922
Feature_921,0.0,921
Feature_920,0.0,920
Feature_918,0.0,918
Feature_933,0.0,933
Feature_917,0.0,917
Feature_916,0.0,916
Feature_915,0.0,915
Feature_914,0.0,914
Feature_913,0.0,913
Feature_912,0.0,912
Feature_911,0.0,911
Feature_910,0.0,910
Feature_909,0.0,909
Feature_908,0.0,908
Feature_907,0.0,907
Feature_932,0.0,932
Feature_934,0.0,934
Feature_963,0.0,963
Feature_949,0.0,949
Feature_961,0.0,961
Feature_959,0.0,959
Feature_958,0.0,958
Feature_957,0.0,957
Feature_956,0.0,956
Feature_955,0.0,955
Feature_954,0.0,954
Feature_953,0.0,953
Feature_952,0.0,952
Feature_951,0.0,951
Feature_950,0.0,950
Feature_948,0.0,948
Feature_935,0.0,935
Feature_947,0.0,947
Feature_945,0.0,945
Feature_944,0.0,944
Feature_943,0.0,943
Feature_942,0.0,942
Feature_941,0.0,941
Feature_940,0.0,940
Feature_939,0.0,939
Feature_938,0.0,938
Feature_937,0.0,937
Feature_936,0.0,936
Feature_786,0.0,786
Feature_785,0.0,785
Feature_783,0.0,783
Feature_624,0.0,624
Feature_636,0.0,636
Feature_635,0.0,635
Feature_634,0.0,634
Feature_633,0.0,633
Feature_632,0.0,632
Feature_630,0.0,630
Feature_629,0.0,629
Feature_628,0.0,628
Feature_627,0.0,627
Feature_626,0.0,626
Feature_625,0.0,625
Feature_623,0.0,623
Feature_638,0.0,638
Feature_621,0.0,621
Feature_619,0.0,619
Feature_618,0.0,618
Feature_617,0.0,617
Feature_615,0.0,615
Feature_614,0.0,614
Feature_613,0.0,613
Feature_612,0.0,612
Feature_611,0.0,611
Feature_610,0.0,610
Feature_609,0.0,609
Feature_637,0.0,637
Feature_639,0.0,639
Feature_607,0.0,607
Feature_654,0.0,654
Feature_665,0.0,665
Feature_664,0.0,664
Feature_663,0.0,663
Feature_662,0.0,662
Feature_661,0.0,661
Feature_660,0.0,660
Feature_659,0.0,659
Feature_658,0.0,658
Feature_657,0.0,657
Feature_656,0.0,656
Feature_655,0.0,655
Feature_653,0.0,653
Feature_640,0.0,640
Feature_652,0.0,652
Feature_651,0.0,651
Feature_650,0.0,650
Feature_649,0.0,649
Feature_647,0.0,647
Feature_646,0.0,646
Feature_645,0.0,645
Feature_644,0.0,644
Feature_643,0.0,643
Feature_642,0.0,642
Feature_641,0.0,641
Feature_608,0.0,608
Feature_606,0.0,606
Feature_782,0.0,782
Feature_562,0.0,562
Feature_573,0.0,573
Feature_572,0.0,572
Feature_571,0.0,571
Feature_570,0.0,570
Feature_569,0.0,569
Feature_568,0.0,568
Feature_567,0.0,567
Feature_566,0.0,566
Feature_565,0.0,565
Feature_564,0.0,564
Feature_563,0.0,563
Feature_561,0.0,561
Feature_576,0.0,576
Feature_560,0.0,560
Feature_559,0.0,559
Feature_558,0.0,558
Feature_557,0.0,557
Feature_556,0.0,556
Feature_554,0.0,554
Feature_553,0.0,553
Feature_552,0.0,552
Feature_551,0.0,551
Feature_550,0.0,550
Feature_549,0.0,549
Feature_575,0.0,575
Feature_577,0.0,577
Feature_605,0.0,605
Feature_592,0.0,592
Feature_604,0.0,604
Feature_603,0.0,603
Feature_602,0.0,602
Feature_601,0.0,601
Feature_600,0.0,600
Feature_599,0.0,599
Feature_598,0.0,598
Feature_597,0.0,597
Feature_595,0.0,595
Feature_594,0.0,594
Feature_593,0.0,593
Feature_591,0.0,591
Feature_578,0.0,578
Feature_590,0.0,590
Feature_589,0.0,589
Feature_588,0.0,588
Feature_586,0.0,586
Feature_585,0.0,585
Feature_584,0.0,584
Feature_583,0.0,583
Feature_582,0.0,582
Feature_581,0.0,581
Feature_580,0.0,580
Feature_579,0.0,579
Feature_666,0.0,666
Feature_667,0.0,667
Feature_668,0.0,668
Feature_741,0.0,741
Feature_752,0.0,752
Feature_751,0.0,751
Feature_750,0.0,750
Feature_749,0.0,749
Feature_748,0.0,748
Feature_747,0.0,747
Feature_746,0.0,746
Feature_745,0.0,745
Feature_744,0.0,744
Feature_743,0.0,743
Feature_742,0.0,742
Feature_740,0.0,740
Feature_754,0.0,754
Feature_739,0.0,739
Feature_738,0.0,738
Feature_737,0.0,737
Feature_735,0.0,735
Feature_733,0.0,733
Feature_731,0.0,731
Feature_730,0.0,730
Feature_729,0.0,729
Feature_728,0.0,728
Feature_727,0.0,727
Feature_726,0.0,726
Feature_753,0.0,753
Feature_755,0.0,755
Feature_669,0.0,669
Feature_770,0.0,770
Feature_781,0.0,781
Feature_780,0.0,780
Feature_779,0.0,779
Feature_778,0.0,778
Feature_777,0.0,777
Feature_776,0.0,776
Feature_775,0.0,775
Feature_774,0.0,774
Feature_773,0.0,773
Feature_772,0.0,772
Feature_771,0.0,771
Feature_769,0.0,769
Feature_756,0.0,756
Feature_768,0.0,768
Feature_767,0.0,767
Feature_766,0.0,766
Feature_765,0.0,765
Feature_764,0.0,764
Feature_763,0.0,763
Feature_762,0.0,762
Feature_761,0.0,761
Feature_760,0.0,760
Feature_759,0.0,759
Feature_758,0.0,758
Feature_725,0.0,725
Feature_724,0.0,724
Feature_723,0.0,723
Feature_683,0.0,683
Feature_694,0.0,694
Feature_693,0.0,693
Feature_692,0.0,692
Feature_691,0.0,691
Feature_690,0.0,690
Feature_689,0.0,689
Feature_688,0.0,688
Feature_687,0.0,687
Feature_686,0.0,686
Feature_685,0.0,685
Feature_684,0.0,684
Feature_682,0.0,682
Feature_722,0.0,722
Feature_681,0.0,681
Feature_680,0.0,680
Feature_679,0.0,679
Feature_678,0.0,678
Feature_677,0.0,677
Feature_675,0.0,675
Feature_674,0.0,674
Feature_673,0.0,673
Feature_672,0.0,672
Feature_671,0.0,671
Feature_670,0.0,670
Feature_695,0.0,695
Feature_696,0.0,696
Feature_697,0.0,697
Feature_698,0.0,698
Feature_721,0.0,721
Feature_720,0.0,720
Feature_719,0.0,719
Feature_718,0.0,718
Feature_717,0.0,717
Feature_716,0.0,716
Feature_715,0.0,715
Feature_714,0.0,714
Feature_713,0.0,713
Feature_712,0.0,712
Feature_711,0.0,711
Feature_710,0.0,710
Feature_709,0.0,709
Feature_708,0.0,708
Feature_707,0.0,707
Feature_706,0.0,706
Feature_705,0.0,705
Feature_704,0.0,704
Feature_703,0.0,703
Feature_702,0.0,702
Feature_701,0.0,701
Feature_700,0.0,700
Feature_699,0.0,699
Feature_1919,0.0,1919
